Frequency (Hz),bell_1000Hz_+12dB_Q0.1,bell_1000Hz_+12dB_Q0.7,bell_1000Hz_+12dB_Q1.0,bell_1000Hz_+12dB_Q12.0,bell_1000Hz_+12dB_Q2.0,bell_1000Hz_+12dB_Q6.0,bell_1000Hz_+3dB_Q0.1,bell_1000Hz_+3dB_Q0.7,bell_1000Hz_+3dB_Q1.0,bell_1000Hz_+3dB_Q12.0,bell_1000Hz_+3dB_Q2.0,bell_1000Hz_+3dB_Q6.0,bell_1000Hz_+6dB_Q0.1,bell_1000Hz_+6dB_Q0.7,bell_1000Hz_+6dB_Q1.0,bell_1000Hz_+6dB_Q12.0,bell_1000Hz_+6dB_Q2.0,bell_1000Hz_+6dB_Q6.0,bell_1000Hz_-12dB_Q0.1,bell_1000Hz_-12dB_Q0.7,bell_1000Hz_-12dB_Q1.0,bell_1000Hz_-12dB_Q12.0,bell_1000Hz_-12dB_Q2.0,bell_1000Hz_-12dB_Q6.0,bell_1000Hz_-3dB_Q0.1,bell_1000Hz_-3dB_Q0.7,bell_1000Hz_-3dB_Q1.0,bell_1000Hz_-3dB_Q12.0,bell_1000Hz_-3dB_Q2.0,bell_1000Hz_-3dB_Q6.0,bell_1000Hz_-6dB_Q0.1,bell_1000Hz_-6dB_Q0.7,bell_1000Hz_-6dB_Q1.0,bell_1000Hz_-6dB_Q12.0,bell_1000Hz_-6dB_Q2.0,bell_1000Hz_-6dB_Q6.0,highShelf_10000Hz_+0dB,highShelf_10000Hz_+12dB,highShelf_10000Hz_+3dB,highShelf_10000Hz_+6dB,highShelf_10000Hz_-12dB,highShelf_10000Hz_-3dB,highShelf_10000Hz_-6dB,lowShelf_100Hz_+0dB,lowShelf_100Hz_+12dB,lowShelf_100Hz_+3dB,lowShelf_100Hz_+6dB,lowShelf_100Hz_-12dB,lowShelf_100Hz_-3dB,lowShelf_100Hz_-6dB
20,1.9650115966796875,-0.010894775390625,0.08711051940917969,-0.0603790283203125,-0.012157440185546875,0.04935264587402344,0.1924114227294922,0.00710296630859375,-0.000759124755859375,0.00757598876953125,0.012460708618164062,0.04645538330078125,0.4277801513671875,-0.011720657348632812,-0.041370391845703125,0.04151725769042969,0.05749702453613281,0.049762725830078125,-2.0523128509521484,-0.06940460205078125,-0.023702621459960938,0.0509490966796875,0.05091285705566406,0.013631820678710938,-0.1895122528076172,-0.07050514221191406,-0.015331268310546875,0.00089263916015625,-0.019420623779296875,0.013887405395507812,-0.5197296142578125,0.011035919189453125,-0.0048694610595703125,-0.017679214477539062,-0.06134223937988281,0.0027790069580078125,-0.0068683624267578125,-0.0643768310546875,-0.015703201293945312,-0.004573822021484375,-0.06899261474609375,-0.04268836975097656,0.026315689086914062,0.02630615234375,11.546073913574219,2.90283203125,5.808189392089844,-11.692846298217773,-2.8192081451416016,-5.701364517211914
22.01388342504419,2.043264389038086,0.05554962158203125,0.014398574829101562,-0.08695602416992188,-0.08985137939453125,-0.13883209228515625,0.01920318603515625,-0.048732757568359375,-0.16612815856933594,-0.2566967010498047,-0.1929779052734375,-0.28014564514160156,0.4434547424316406,-0.15856552124023438,-0.05322265625,-0.1923809051513672,-0.2312774658203125,-0.18154525756835938,-2.313283920288086,-0.11043739318847656,-0.08560371398925781,-0.1651477813720703,-0.21030426025390625,-0.07941818237304688,-0.2520160675048828,-0.03581047058105469,-0.007663726806640625,-0.26287841796875,-0.03217887878417969,-0.010755538940429688,-0.6999092102050781,-0.27178192138671875,-0.03650093078613281,-0.2079906463623047,-0.1683197021484375,-0.1504058837890625,-0.26845359802246094,-0.2513694763183594,-0.21859359741210938,-0.06240081787109375,-0.08611297607421875,-0.1702709197998047,-0.11194801330566406,-0.11852455139160156,11.331378936767578,2.712888717651367,5.653562545776367,-11.737035751342773,-3.0945091247558594,-5.799524307250977
24.230553172571767,2.5951366424560547,0.081787109375,0.040924072265625,0.0076656341552734375,0.014659881591796875,0.0077533721923828125,0.23673439025878906,0.007814407348632812,0.0057773590087890625,0.007871627807617188,0.0053863525390625,0.0069141387939453125,0.6646499633789062,0.019134521484375,0.012950897216796875,0.00676727294921875,0.0075969696044921875,0.0068378448486328125,-2.6225051879882812,-0.07108497619628906,-0.032955169677734375,0.0048236846923828125,-0.003269195556640625,0.00537872314453125,-0.22791290283203125,-0.001079559326171875,0.0026874542236328125,0.00806427001953125,0.006114959716796875,0.0056324005126953125,-0.6500053405761719,-0.011241912841796875,-0.0026378631591796875,0.0062084197998046875,0.00449371337890625,0.0054035186767578125,0.0034236907958984375,0.0024547576904296875,0.001842498779296875,0.00426483154296875,0.0007190704345703125,0.0004138946533203125,0.000904083251953125,0.0033111572265625,11.467439651489258,2.831514358520508,5.728311538696289,-11.63360595703125,-2.835908889770508,-5.648082733154297
26.67042864326648,2.9492969512939453,0.04376411437988281,0.0347900390625,-0.012765884399414062,0.056072235107421875,-0.03811454772949219,0.26599693298339844,0.0008716583251953125,0.04482078552246094,0.014745712280273438,0.0045108795166015625,-0.03558349609375,0.7163066864013672,0.007354736328125,0.053974151611328125,-0.012735366821289062,-0.05682373046875,-0.05398368835449219,-2.9901580810546875,-0.031757354736328125,-0.03882789611816406,0.0036792755126953125,-0.035358428955078125,-0.01750946044921875,-0.3072471618652344,-0.028196334838867188,-0.03457450866699219,-0.06512832641601562,-0.085693359375,-0.021448135375976562,-0.7343273162841797,-0.001911163330078125,0.03577423095703125,-0.011522293090820312,0.04506874084472656,0.021596908569335938,0.01111602783203125,-0.08142852783203125,-0.017759323120117188,0.005054473876953125,0.002185821533203125,-0.07968330383300781,-0.024745941162109375,-0.03330039978027344,11.421932220458984,2.8061161041259766,5.6548919677734375,-11.592819213867188,-2.8038406372070312,-5.685070037841797
29.35598535244139,3.41015625,0.08797073364257812,0.05994606018066406,0.040737152099609375,-0.018177032470703125,0.054683685302734375,0.3496265411376953,0.03251075744628906,0.08797454833984375,0.02404022216796875,0.000579833984375,0.037433624267578125,0.9963569641113281,0.05214691162109375,0.05003166198730469,-0.018917083740234375,0.09859085083007812,-0.0040435791015625,-3.3204193115234375,-0.06487655639648438,-0.024175643920898438,0.021053314208984375,0.0064105987548828125,0.020050048828125,-0.34230804443359375,0.04103279113769531,0.01631927490234375,0.012922286987304688,0.00794219970703125,0.04609107971191406,-0.8913478851318359,-0.039638519287109375,-0.00896453857421875,0.0345916748046875,0.030384063720703125,0.07089614868164062,-0.019868850708007812,-0.034595489501953125,-0.0019073486328125,0.04984283447265625,0.011077880859375,0.06900405883789062,0.038486480712890625,0.022932052612304688,11.367483139038086,2.788400650024414,5.644824981689453,-11.454425811767578,-2.7700767517089844,-5.57807731628418
32.31196196879748,3.779804229736328,0.13772201538085938,0.06971168518066406,0.006420135498046875,0.021730422973632812,0.0053558349609375,0.3874988555908203,0.009481430053710938,0.008436203002929688,0.0065746307373046875,0.0025653839111328125,0.0011119842529296875,1.0697669982910156,0.029937744140625,0.01732635498046875,0.0017948150634765625,0.006618499755859375,0.004261016845703125,-3.827789306640625,-0.13449859619140625,-0.063629150390625,0.00417327880859375,-0.011962890625,0.001934051513671875,-0.3871879577636719,-0.007030487060546875,0.000911712646484375,0.00539398193359375,0.0024089813232421875,0.00091552734375,-1.0600395202636719,-0.0261077880859375,-0.01113128662109375,0.001861572265625,0.00046539306640625,0.0066661834716796875,0.00118255615234375,-0.0003528594970703125,0.000537872314453125,0.0022640228271484375,-0.0003147125244140625,-0.000339508056640625,-0.0004901885986328125,-0.0003490447998046875,11.187009811401367,2.7284622192382812,5.546150207519531,-11.364540100097656,-2.739063262939453,-5.471355438232422
35.56558820077846,4.243608474731445,0.18004989624023438,0.09802627563476562,0.0367889404296875,-0.019649505615234375,0.08551788330078125,0.5270328521728516,0.11226844787597656,0.11851310729980469,0.039440155029296875,0.07142257690429688,0.03266716003417969,1.3122673034667969,0.10037803649902344,0.03791618347167969,0.08451461791992188,0.027315139770507812,0.023378372192382812,-4.264493942260742,-0.1782207489013672,-0.12462997436523438,0.07366561889648438,0.050434112548828125,0.04203987121582031,-0.5002155303955078,-0.03447151184082031,0.08273887634277344,0.00714874267578125,0.1294269561767578,0.07646942138671875,-1.2317142486572266,0.0114898681640625,0.07508277893066406,-0.04375648498535156,0.023532867431640625,0.07995223999023438,-0.043544769287109375,0.06128692626953125,0.05653572082519531,0.014951705932617188,0.0316314697265625,0.04023170471191406,0.12050247192382812,0.023054122924804688,11.086259841918945,2.6723098754882812,5.582273483276367,-11.112655639648438,-2.7424087524414062,-5.295866012573242
39.146835629753205,4.712039947509766,0.22142982482910156,0.08589744567871094,0.001575469970703125,0.06010627746582031,0.016895294189453125,0.545379638671875,0.01860809326171875,0.017648696899414062,-0.011188507080078125,0.03238105773925781,0.018480300903320312,1.4421825408935547,0.03738594055175781,0.046779632568359375,-0.00307464599609375,-0.0024566650390625,0.016016006469726562,-4.743204116821289,-0.2086200714111328,-0.09177398681640625,0.006130218505859375,-0.0346221923828125,0.0029506683349609375,-0.5249862670898438,-0.007205963134765625,0.018276214599609375,0.016778945922851562,0.029537200927734375,0.00835418701171875,-1.4373054504394531,-0.042659759521484375,-0.022470474243164062,0.032470703125,0.0023937225341796875,0.008375167846679688,-0.009191513061523438,0.010019302368164062,0.000392913818359375,-0.0031642913818359375,0.019140243530273438,-0.014202117919921875,0.028682708740234375,0.025531768798828125,10.911703109741211,2.6429481506347656,5.374237060546875,-11.05780029296875,-2.6354427337646484,-5.286273956298828
43.08869380063768,5.182001113891602,0.23967552185058594,0.12241554260253906,0.01373291015625,0.040683746337890625,0.012884140014648438,0.6303787231445312,0.020017623901367188,0.018482208251953125,0.009515762329101562,0.009243011474609375,0.005672454833984375,1.6592025756835938,0.05254936218261719,0.026500701904296875,0.0087890625,0.014493942260742188,0.00739288330078125,-5.234914779663086,-0.23075103759765625,-0.11569023132324219,0.0072460174560546875,-0.023206710815429688,0.001995086669921875,-0.6198139190673828,-0.01385498046875,-0.00135040283203125,0.00606536865234375,0.0020275115966796875,0.007450103759765625,-1.6408195495605469,-0.04323005676269531,-0.017606735229492188,0.0066070556640625,-0.0009365081787109375,0.009969711303710938,0.001384735107421875,0.00505828857421875,0.004032135009765625,-0.0001125335693359375,0.0006046295166015625,0.0036716461181640625,0.004337310791015625,0.001827239990234375,10.744121551513672,2.569246292114258,5.264610290527344,-10.90827751159668,-2.5750656127929688,-5.186252593994141
47.4274741132331,5.6467437744140625,0.3157672882080078,0.13957977294921875,0.03296470642089844,0.04042816162109375,0.002696990966796875,0.7295551300048828,0.02907562255859375,0.01422882080078125,-0.0228424072265625,0.016199111938476562,0.031036376953125,1.8848609924316406,0.11043548583984375,0.03552055358886719,0.002864837646484375,0.06103515625,0.007944107055664062,-5.740812301635742,-0.31690216064453125,-0.13934707641601562,0.018585205078125,-0.06534957885742188,-0.03753662109375,-0.7463626861572266,-0.002979278564453125,0.026151657104492188,0.0026187896728515625,-0.016431808471679688,-0.00965118408203125,-1.852151870727539,-0.046031951904296875,-0.03504753112792969,0.045978546142578125,-0.0055942535400390625,-0.01042938232421875,0.0030956268310546875,0.032291412353515625,-0.03308868408203125,-5.7220458984375e-06,-0.0078125,0.026617050170898438,-0.00042724609375,-0.008569717407226562,10.50053596496582,2.5038375854492188,5.148782730102539,-10.70418930053711,-2.4636287689208984,-5.067535400390625
52.20314431365074,6.200275421142578,0.3204841613769531,0.17247390747070312,0.012727737426757812,0.07225418090820312,-0.003223419189453125,0.8583240509033203,0.04886054992675781,0.06027984619140625,0.029928207397460938,0.014871597290039062,-0.01918792724609375,2.189434051513672,0.06189918518066406,0.04457664489746094,0.000576019287109375,0.05577278137207031,-0.014835357666015625,-6.2477874755859375,-0.29030418395996094,-0.14879226684570312,0.03452110290527344,0.012357711791992188,0.0324249267578125,-0.8333892822265625,-0.022457122802734375,0.02509307861328125,0.03691673278808594,0.020029067993164062,0.04871559143066406,-2.12762451171875,-0.05801200866699219,-0.0062713623046875,0.030527114868164062,-0.022039413452148438,0.06295204162597656,0.022075653076171875,0.028964996337890625,-0.0017642974853515625,0.06029319763183594,0.03696632385253906,0.0175933837890625,0.0050811767578125,0.013576507568359375,10.332014083862305,2.4404430389404297,4.993465423583984,-10.479482650756836,-2.421846389770508,-4.914560317993164
57.4596966670733,6.588930130004883,0.40697669982910156,0.20992088317871094,-0.0016193389892578125,0.04287147521972656,0.0204010009765625,0.9228096008300781,-0.024755477905273438,0.04833793640136719,-0.021533966064453125,-0.005615234375,-0.05011177062988281,2.3963680267333984,0.09740257263183594,0.07288742065429688,-0.0074176788330078125,0.00421142578125,-0.007984161376953125,-6.7444000244140625,-0.4378471374511719,-0.24943923950195312,0.013483047485351562,-0.017488479614257812,0.0103302001953125,-0.9780464172363281,-0.025503158569335938,-0.016389846801757812,-0.007862091064453125,-0.016183853149414062,-0.03764152526855469,-2.402362823486328,-0.0944061279296875,-0.031902313232421875,0.021982192993164062,-0.063018798828125,-0.03515052795410156,-0.00951385498046875,0.0070476531982421875,-0.06137657165527344,0.012363433837890625,0.012689590454101562,-0.00177764892578125,0.006519317626953125,-0.06323623657226562,10.084663391113281,2.284738540649414,4.807657241821289,-10.217351913452148,-2.2995128631591797,-4.815258026123047
63.24555320336758,7.134010314941406,0.49373435974121094,0.2532539367675781,0.008129119873046875,0.06934356689453125,0.012521743774414062,1.0848731994628906,0.036651611328125,0.020906448364257812,0.005962371826171875,0.008245468139648438,0.00612640380859375,2.6638946533203125,0.10609817504882812,0.05451011657714844,0.00585174560546875,0.01690673828125,0.0059604644775390625,-7.216209411621094,-0.4929924011230469,-0.24724197387695312,0.00311279296875,-0.06065940856933594,-0.0032596588134765625,-1.0784530639648438,-0.031635284423828125,-0.0142059326171875,0.0061855316162109375,0.0005931854248046875,0.0046558380126953125,-2.651449203491211,-0.10172080993652344,-0.047359466552734375,0.004604339599609375,-0.009901046752929688,0.003887176513671875,0.000637054443359375,0.0014896392822265625,0.0004596710205078125,0.001323699951171875,-0.000640869140625,0.000766754150390625,0.0004901885986328125,0.0012187957763671875,9.752033233642578,2.2281417846679688,4.635953903198242,-9.90188217163086,-2.2331714630126953,-4.572368621826172
69.61401176856822,7.554105758666992,0.6040134429931641,0.26604270935058594,-0.03656768798828125,0.048313140869140625,0.006191253662109375,1.1679420471191406,0.0056552886962890625,0.014284133911132812,-0.05869865417480469,-0.03834342956542969,-0.0059871673583984375,2.9129791259765625,0.1393299102783203,0.04517555236816406,-0.005924224853515625,-0.03750801086425781,-0.026990890502929688,-7.713483810424805,-0.6134757995605469,-0.2950267791748047,-0.024259567260742188,-0.07099723815917969,-0.007831573486328125,-1.2047405242919922,-0.07995414733886719,-0.011640548706054688,-0.03913688659667969,-0.00449371337890625,-0.06027412414550781,-2.9496841430664062,-0.15374374389648438,-0.06665611267089844,-0.0032863616943359375,-0.044116973876953125,-0.021009445190429688,0.00177001953125,-0.027296066284179688,-0.03676414489746094,-0.05689239501953125,-0.04618072509765625,-0.02622222900390625,-0.03482627868652344,-0.06049346923828125,9.407833099365234,2.1150970458984375,4.371585845947266,-9.549257278442383,-2.1493892669677734,-4.393774032592773
76.62373699114576,8.05691909790039,0.7067794799804688,0.36179542541503906,-0.001415252685546875,0.09692573547363281,0.014944076538085938,1.3609046936035156,0.05465507507324219,0.024862289428710938,0.0122528076171875,0.01444244384765625,0.005306243896484375,3.2164249420166016,0.15903663635253906,0.08189964294433594,-3.0517578125e-05,0.01897430419921875,0.010454177856445312,-8.142267227172852,-0.7121601104736328,-0.36080169677734375,0.0020084381103515625,-0.09068489074707031,-0.006877899169921875,-1.3504505157470703,-0.052776336669921875,-0.030504226684570312,-0.0008792877197265625,-0.0094146728515625,0.005252838134765625,-3.2060585021972656,-0.15008163452148438,-0.07927322387695312,0.0052852630615234375,-0.011995315551757812,0.0041179656982421875,0.0042819976806640625,0.004825592041015625,-0.0019359588623046875,0.0015869140625,0.0052337646484375,0.00891876220703125,-0.0036945343017578125,0.0037212371826171875,9.045125961303711,1.9969902038574219,4.211584091186523,-9.174257278442383,-1.9941158294677734,-4.144830703735352
84.33930068571647,8.57174301147461,0.9280261993408203,0.5067977905273438,0.050792694091796875,0.21300888061523438,0.09384536743164062,1.6064777374267578,0.10363006591796875,0.10158157348632812,0.04645729064941406,0.09904289245605469,0.0980682373046875,3.5559139251708984,0.32012939453125,0.1736297607421875,0.10860443115234375,0.1083831787109375,0.07644462585449219,-8.469707489013672,-0.8088283538818359,-0.3436241149902344,0.09127235412597656,-0.047183990478515625,0.07806205749511719,-1.4301986694335938,-0.05611228942871094,0.00914764404296875,0.02660369873046875,0.0763397216796875,0.10493850708007812,-3.43017578125,-0.1419525146484375,-0.027130126953125,0.0882415771484375,0.12886619567871094,0.09470367431640625,0.10266494750976562,0.014225006103515625,0.007801055908203125,0.05246734619140625,0.051952362060546875,0.14216232299804688,0.084930419921875,0.11463737487792969,8.717611312866211,1.9276924133300781,4.031681060791016,-8.679622650146484,-1.7785377502441406,-3.8229713439941406
92.83177667225557,8.936227798461914,1.0244922637939453,0.5292224884033203,-0.04477882385253906,0.15282058715820312,0.025386810302734375,1.6106300354003906,0.05747795104980469,0.05398750305175781,-0.04056549072265625,-0.03572654724121094,0.08436012268066406,3.7610931396484375,0.25255393981933594,0.19869232177734375,0.04899024963378906,0.0158233642578125,-0.029420852661132812,-8.972858428955078,-1.0484809875488281,-0.5871124267578125,-0.03874969482421875,-0.09508132934570312,0.07755279541015625,-1.649627685546875,-0.0652008056640625,0.04740715026855469,-0.060558319091796875,0.03369331359863281,-0.017841339111328125,-3.7311668395996094,-0.1680736541748047,-0.10409927368164062,0.00606536865234375,0.06371307373046875,-0.013782501220703125,-0.05842018127441406,0.0045642852783203125,0.027263641357421875,-0.04872322082519531,0.014476776123046875,0.0880889892578125,0.04586029052734375,0.013494491577148438,8.255647659301758,1.71038818359375,3.749835968017578,-8.33865737915039,-1.8047313690185547,-3.6776180267333984
102.17939549013855,9.235506057739258,1.171365737915039,0.6151847839355469,0.0050220489501953125,0.16063880920410156,0.010091781616210938,1.7872314453125,0.08977127075195312,0.04691886901855469,0.000629425048828125,-0.012462615966796875,0.0051059722900390625,4.004205703735352,0.26325225830078125,0.1316204071044922,-0.0040740966796875,0.025148391723632812,-0.0006504058837890625,-9.367387771606445,-1.1895332336425781,-0.6359138488769531,-0.004932403564453125,-0.16721153259277344,-0.017545700073242188,-1.7873878479003906,-0.08365821838378906,-0.0487213134765625,-0.0048980712890625,-0.019464492797851562,-0.0053615570068359375,-4.00617790222168,-0.28183555603027344,-0.1419963836669922,-0.0012073516845703125,-0.017364501953125,-0.008005142211914062,-0.003387451171875,-0.0048065185546875,-0.007564544677734375,0.000640869140625,-0.008626937866210938,-0.012058258056640625,-0.003391265869140625,-0.0040874481201171875,7.6920928955078125,1.5866947174072266,3.423929214477539,-7.800848007202148,-1.6080646514892578,-3.3798160552978516
112.46826503806983,9.58708381652832,1.3956775665283203,0.7205448150634766,0.009862899780273438,0.19309043884277344,0.0292205810546875,1.9569664001464844,0.13232803344726562,0.04640769958496094,0.0404815673828125,0.011091232299804688,0.017734527587890625,4.219411849975586,0.3675518035888672,0.18868446350097656,-0.0089263916015625,0.04852485656738281,0.021717071533203125,-9.671279907226562,-1.3724613189697266,-0.7789936065673828,0.031810760498046875,-0.16739463806152344,0.001216888427734375,-1.9167633056640625,-0.09695625305175781,-0.028820037841796875,0.03028106689453125,0.003345489501953125,0.0013523101806640625,-4.24560546875,-0.3067913055419922,-0.13184547424316406,-0.007038116455078125,-0.028102874755859375,0.0034637451171875,0.01027679443359375,-0.0108489990234375,0.008264541625976562,0.04602622985839844,-0.012744903564453125,0.0008087158203125,0.011478424072265625,-0.019069671630859375,7.161767959594727,1.4918785095214844,3.1448287963867188,-7.352766036987305,-1.4844131469726562,-3.067424774169922
123.79316377825212,9.892501831054688,1.634714126586914,0.8954315185546875,0.007030487060546875,0.24934005737304688,-0.006587982177734375,2.049966812133789,0.13369178771972656,0.06841278076171875,0.008029937744140625,0.031177520751953125,0.0063228607177734375,4.464984893798828,0.3837146759033203,0.1999187469482422,-0.0135650634765625,0.0370635986328125,0.010435104370117188,-10.015905380249023,-1.644052505493164,-0.8973197937011719,0.00580596923828125,-0.24240684509277344,-0.02315521240234375,-2.0473670959472656,-0.16549301147460938,-0.061618804931640625,0.0038280487060546875,-0.0127410888671875,0.003093719482421875,-4.468881607055664,-0.3783893585205078,-0.1915912628173828,0.003875732421875,-0.04495811462402344,-5.14984130859375e-05,0.013833999633789062,0.0042896270751953125,0.0013408660888671875,0.0016651153564453125,-0.001796722412109375,-0.000782012939453125,-0.0007152557373046875,0.0010967254638671875,6.728509902954102,1.31024169921875,2.864786148071289,-6.745445251464844,-1.3140888214111328,-2.8316612243652344
136.25841381159228,10.154708862304688,1.8794784545898438,1.0233821868896484,0.05113410949707031,0.31157875061035156,0.018041610717773438,2.1465015411376953,0.12771987915039062,0.09170150756835938,0.013132095336914062,0.03180694580078125,-0.018939971923828125,4.670448303222656,0.44391632080078125,0.22718429565429688,-0.012523651123046875,0.033016204833984375,0.0032138824462890625,-10.324195861816406,-1.8684234619140625,-1.0758190155029297,-0.023183822631835938,-0.3245353698730469,-0.04700279235839844,-2.164398193359375,-0.13613319396972656,-0.11783218383789062,0.03148078918457031,-0.02092742919921875,0.0014591217041015625,-4.675638198852539,-0.4452686309814453,-0.2586250305175781,0.0010528564453125,-0.036617279052734375,-0.031429290771484375,0.030548095703125,0.0373687744140625,-0.015100479125976562,0.008819580078125,0.0043354034423828125,-0.0166015625,0.023077011108398438,-0.035381317138671875,6.138704299926758,1.1907901763916016,2.588747024536133,-6.2176666259765625,-1.192575454711914,-2.512815475463867
149.9788418664912,10.41610336303711,2.2070980072021484,1.2539234161376953,-0.0027923583984375,0.3572101593017578,0.025537490844726562,2.2140769958496094,0.14653778076171875,0.03849220275878906,-0.04857444763183594,-0.01541900634765625,-0.03186225891113281,4.800205230712891,0.5423946380615234,0.25881385803222656,-0.059345245361328125,0.06123542785644531,-0.02812957763671875,-10.573881149291992,-2.2850818634033203,-1.3007850646972656,-0.017177581787109375,-0.3884735107421875,-0.06090354919433594,-2.339588165283203,-0.2348804473876953,-0.12020301818847656,-0.004852294921875,-0.027589797973632812,-0.030065536499023438,-4.888408660888672,-0.5615787506103516,-0.3430194854736328,-0.06364250183105469,-0.09680747985839844,-0.030019760131835938,-0.05610466003417969,0.004604339599609375,-0.02907562255859375,-0.011951446533203125,-0.05628395080566406,-0.023778915405273438,-0.009904861450195312,-0.06711769104003906,5.553432464599609,1.0125064849853516,2.2817115783691406,-5.676403045654297,-1.108001708984375,-2.309581756591797
165.08083705360372,10.61277961730957,2.5789318084716797,1.4675941467285156,0.04532623291015625,0.4233589172363281,0.04509162902832031,2.3980464935302734,0.2359142303466797,0.10390472412109375,0.020250320434570312,0.02394866943359375,0.02320098876953125,5.019237518310547,0.6597862243652344,0.3253803253173828,0.028697967529296875,0.11367416381835938,0.02099609375,-10.749679565429688,-2.552408218383789,-1.519693374633789,0.03391838073730469,-0.41048622131347656,-0.014169692993164062,-2.3795528411865234,-0.2606182098388672,-0.12683486938476562,0.0064411163330078125,-0.0057220458984375,-0.018993377685546875,-5.022603988647461,-0.6479988098144531,-0.3478965759277344,0.027841567993164062,-0.07093238830566406,-0.018560409545898438,0.0034942626953125,-0.022176742553710938,9.5367431640625e-05,0.04240608215332031,-0.004852294921875,0.019647598266601562,0.04060173034667969,0.0056209564208984375,5.044277191162109,0.9289970397949219,2.0435314178466797,-5.091081619262695,-0.8904781341552734,-2.0124053955078125
181.70351513033734,10.834957122802734,2.941770553588867,1.7920417785644531,-0.001682281494140625,0.5306854248046875,0.07409477233886719,2.448101043701172,0.24129104614257812,0.156494140625,-0.02651214599609375,0.06281089782714844,0.022859573364257812,5.164850234985352,0.8059711456298828,0.43906211853027344,0.041347503662109375,0.10625457763671875,0.007015228271484375,-10.951051712036133,-2.950345993041992,-1.7695198059082031,0.0054569244384765625,-0.5040988922119141,-0.061733245849609375,-2.4597301483154297,-0.26133155822753906,-0.16100120544433594,-0.0279388427734375,-0.047916412353515625,0.006633758544921875,-5.179723739624023,-0.7818012237548828,-0.40161705017089844,0.0065212249755859375,-0.1301593780517578,-0.023204803466796875,-0.0024585723876953125,-0.020036697387695312,-0.020290374755859375,0.016448974609375,-0.011728286743164062,0.03384971618652344,0.03971290588378906,-0.014860153198242188,4.494333267211914,0.8054542541503906,1.7809982299804688,-4.599510192871094,-0.7946815490722656,-1.7883338928222656
199.99999999999997,10.961589813232422,3.3750343322753906,2.0474853515625,0.0269775390625,0.6358299255371094,0.04654121398925781,2.542287826538086,0.3435230255126953,0.1534442901611328,-0.01959228515625,0.031167984008789062,-0.0070037841796875,5.245100021362305,0.9401264190673828,0.5045185089111328,-0.013509750366210938,0.09700202941894531,-0.012767791748046875,-11.106130599975586,-3.445140838623047,-2.0939579010009766,-0.028951644897460938,-0.6626605987548828,-0.10507392883300781,-2.561643600463867,-0.3419322967529297,-0.2012348175048828,-0.0167694091796875,-0.03299522399902344,-0.001873016357421875,-5.327367782592773,-0.9279727935791016,-0.5089168548583984,-0.00753021240234375,-0.16314315795898438,0.00070953369140625,-0.030824661254882812,-0.0157012939453125,0.0072422027587890625,-0.028903961181640625,-0.028514862060546875,-0.04224967956542969,-0.029947280883789062,-0.021730422973632812,3.9934768676757812,0.68182373046875,1.580484390258789,-4.093315124511719,-0.7176513671875,-1.5492019653320312
220.13883425044187,11.124879837036133,3.8597030639648438,2.434783935546875,0.04061126708984375,0.7826957702636719,0.08898735046386719,2.607097625732422,0.4122161865234375,0.23152923583984375,0.0066547393798828125,0.06817817687988281,-0.007320404052734375,5.400974273681641,1.1189556121826172,0.5954818725585938,0.025159835815429688,0.18493270874023438,0.03671836853027344,-11.280130386352539,-3.8691558837890625,-2.427774429321289,-0.03314971923828125,-0.7728271484375,-0.08690452575683594,-2.6407852172851562,-0.3867378234863281,-0.21484756469726562,0.020513534545898438,-0.06342887878417969,-0.017583847045898438,-5.411142349243164,-1.0918083190917969,-0.6188182830810547,-0.030681610107421875,-0.17835426330566406,0.008333206176757812,0.0014476776123046875,0.020687103271484375,0.019405364990234375,0.023876190185546875,-0.009227752685546875,0.01039886474609375,0.00969696044921875,0.017314910888671875,3.5301551818847656,0.5961647033691406,1.3610057830810547,-3.574464797973633,-0.6073226928710938,-1.3537178039550781
242.30553172571769,11.232569694519043,4.359989166259766,2.807048797607422,0.03336334228515625,0.9381351470947266,0.12133598327636719,2.666576385498047,0.481719970703125,0.26050758361816406,0.009357452392578125,0.063995361328125,0.01213836669921875,5.48814582824707,1.3048362731933594,0.7361431121826172,0.012481689453125,0.20160865783691406,0.02925872802734375,-11.379890441894531,-4.395236968994141,-2.8243541717529297,-0.023157119750976562,-0.9327793121337891,-0.10843849182128906,-2.683635711669922,-0.46480560302734375,-0.25301551818847656,0.0044097900390625,-0.06386375427246094,-0.0019588470458984375,-5.508768081665039,-1.30596923828125,-0.7300186157226562,-0.00030517578125,-0.2000885009765625,-0.019914627075195312,-1.33514404296875e-05,0.011318206787109375,0.0051937103271484375,0.011838912963867188,-0.0068206787109375,0.00091552734375,0.0058231353759765625,0.0006504058837890625,3.0885391235351562,0.5094795227050781,1.1722126007080078,-3.140615463256836,-0.5092296600341797,-1.1477699279785156
266.7042864326648,11.336853981018066,4.898014068603516,3.246793746948242,0.03789520263671875,1.1368598937988281,0.1474895477294922,2.735759735107422,0.5783367156982422,0.3158378601074219,0.011562347412109375,0.09559822082519531,0.0164337158203125,5.568017959594727,1.4826812744140625,0.8835334777832031,0.014591217041015625,0.2565498352050781,0.035625457763671875,-11.491813659667969,-4.929653167724609,-3.263528823852539,-0.04978179931640625,-1.1274299621582031,-0.13679885864257812,-2.7287845611572266,-0.5669193267822266,-0.3111915588378906,0.009540557861328125,-0.08515167236328125,-0.0023517608642578125,-5.589672088623047,-1.5351696014404297,-0.8799514770507812,0.000995635986328125,-0.24754714965820312,-0.024433135986328125,-0.0060405731201171875,0.018461227416992188,-0.0019378662109375,0.014753341674804688,-0.011966705322265625,0.008016586303710938,0.002559661865234375,0.0020465850830078125,2.6810646057128906,0.43331336975097656,1.0039501190185547,-2.707273483276367,-0.4472980499267578,-0.9812641143798828
293.55985352441394,11.429291725158691,5.469051361083984,3.7473201751708984,0.06426239013671875,1.3787555694580078,0.19363784790039062,2.796539306640625,0.6994647979736328,0.39842987060546875,0.018421173095703125,0.10613632202148438,0.030406951904296875,5.646411895751953,1.799652099609375,1.0712738037109375,0.02155303955078125,0.32662391662597656,0.05495262145996094,-11.560882568359375,-5.471527099609375,-3.752744674682617,-0.03310394287109375,-1.3550739288330078,-0.16283035278320312,-2.7713260650634766,-0.6601467132568359,-0.3700370788574219,0.013372421264648438,-0.09143257141113281,-0.000995635986328125,-5.649873733520508,-1.7820205688476562,-1.0523242950439453,0.006908416748046875,-0.2976818084716797,-0.021638870239257812,0.012784957885742188,0.0272674560546875,0.0157318115234375,0.013385772705078125,-0.0021991729736328125,0.012346267700195312,0.008968353271484375,0.01434326171875,2.326356887817383,0.3764762878417969,0.8576011657714844,-2.3280277252197266,-0.3642253875732422,-0.8297386169433594
323.1196196879748,11.489555358886719,5.938758850097656,4.27973747253418,0.06457328796386719,1.659036636352539,0.23322105407714844,2.81781005859375,0.8108901977539062,0.45176124572753906,0.011453628540039062,0.1427288055419922,0.022523880004882812,5.69685173034668,2.0811939239501953,1.2730865478515625,0.012805938720703125,0.3916435241699219,0.052459716796875,-11.642629623413086,-6.108112335205078,-4.30772590637207,-0.04799461364746094,-1.6414566040039062,-0.21579742431640625,-2.8284072875976562,-0.8124237060546875,-0.45722198486328125,0.0039844512939453125,-0.1255321502685547,-0.007068634033203125,-5.715854644775391,-2.0750885009765625,-1.2666034698486328,-0.0054531097412109375,-0.37652015686035156,-0.04911041259765625,0.0058193206787109375,0.020219802856445312,0.00882720947265625,0.010120391845703125,-0.016607284545898438,-2.288818359375e-05,-0.00203704833984375,0.0014190673828125,1.9869117736816406,0.31308555603027344,0.7245883941650391,-2.002805709838867,-0.3066387176513672,-0.7091007232666016
355.6558820077846,11.540751457214355,6.654584884643555,4.867731094360352,0.06573486328125,2.001802444458008,0.2821025848388672,2.8225765228271484,0.9487495422363281,0.565673828125,0.0042400360107421875,0.17028045654296875,0.019273757934570312,5.734611511230469,2.3969554901123047,1.516427993774414,0.01976776123046875,0.47731781005859375,0.049648284912109375,-11.713905334472656,-6.705659866333008,-4.9069976806640625,-0.06458473205566406,-2.0040111541748047,-0.2824668884277344,-2.854330062866211,-0.9548892974853516,-0.5683670043945312,-0.0076084136962890625,-0.16229820251464844,-0.019636154174804688,-5.774602890014648,-2.4233932495117188,-1.5320796966552734,-0.014825820922851562,-0.49065208435058594,-0.055095672607421875,-0.002838134765625,0.015974044799804688,-0.00045013427734375,0.0029850006103515625,-0.026960372924804688,-0.009065628051757812,-0.016664505004882812,-0.0043182373046875,1.6938247680664062,0.2557811737060547,0.6077442169189453,-1.715261459350586,-0.26795196533203125,-0.6070175170898438
391.4683562975321,11.58209228515625,7.302028656005859,5.5088653564453125,0.08815956115722656,2.4051361083984375,0.3476600646972656,2.885730743408203,1.129903793334961,0.6812744140625,0.009033203125,0.20222854614257812,0.016017913818359375,5.775960922241211,2.7529258728027344,1.8308181762695312,0.020868301391601562,0.5957813262939453,0.06373023986816406,-11.751728057861328,-7.374780654907227,-5.5723724365234375,-0.09718704223632812,-2.4055442810058594,-0.3542766571044922,-2.8639869689941406,-1.1422004699707031,-0.6724052429199219,0.0051174163818359375,-0.22336769104003906,-0.0068798065185546875,-5.8112335205078125,-2.7367382049560547,-1.822805404663086,-0.013025283813476562,-0.5872421264648438,-0.08209800720214844,0.0107879638671875,0.025728225708007812,0.0041294097900390625,-0.0076580047607421875,-0.029676437377929688,0.00732421875,0.009908676147460938,0.009172439575195312,1.4238662719726562,0.22246360778808594,0.5247402191162109,-1.467569351196289,-0.201263427734375,-0.5363216400146484
430.8869380063766,11.633903503417969,7.922948837280273,6.191278457641602,0.12183952331542969,2.921876907348633,0.46765708923339844,2.883729934692383,1.3209495544433594,0.8448009490966797,0.010770797729492188,0.26996421813964844,0.03260612487792969,5.810995101928711,3.1378440856933594,2.1578102111816406,0.0237884521484375,0.7669258117675781,0.09846878051757812,-11.805044174194336,-7.976112365722656,-6.250499725341797,-0.12103652954101562,-2.934103012084961,-0.45939064025878906,-2.9031143188476562,-1.3178691864013672,-0.8443107604980469,-0.006771087646484375,-0.2721691131591797,-0.027957916259765625,-5.849180221557617,-3.1645126342773438,-2.1630916595458984,-0.023036956787109375,-0.7625675201416016,-0.09539222717285156,0.0019779205322265625,0.026826858520507812,0.0058746337890625,0.008646011352539062,-0.03559112548828125,-0.0084991455078125,-0.009645462036132812,-0.009998321533203125,1.2179794311523438,0.1750202178955078,0.4304924011230469,-1.2316570281982422,-0.18172454833984375,-0.42519187927246094
474.274741132331,11.670614242553711,8.561086654663086,6.926290512084961,0.1710033416748047,3.5338401794433594,0.6048107147216797,2.919736862182617,1.5198307037353516,1.0393867492675781,0.02280426025390625,0.3627433776855469,0.044681549072265625,5.837682723999023,3.5509605407714844,2.5552978515625,0.04376411437988281,0.9795284271240234,0.1297168731689453,-11.830978393554688,-8.666690826416016,-7.000883102416992,-0.1626873016357422,-3.5338363647460938,-0.6026382446289062,-2.912290573120117,-1.5430793762207031,-1.0171337127685547,-0.002349853515625,-0.34752655029296875,-0.03615570068359375,-5.866085052490234,-3.540719985961914,-2.564533233642578,-0.030094146728515625,-0.9750652313232422,-0.1271820068359375,0.00302886962890625,0.029859542846679688,0.001224517822265625,0.012388229370117188,-0.03677177429199219,0.0034503936767578125,-0.009336471557617188,0.0063152313232421875,1.026529312133789,0.1476116180419922,0.3553466796875,-1.0413284301757812,-0.15297889709472656,-0.3612079620361328
522.0314431365073,11.694191932678223,9.183073043823242,7.6934967041015625,0.22456932067871094,4.259160995483398,0.8165264129638672,2.919645309448242,1.7663688659667969,1.2516117095947266,0.020318984985351562,0.4484748840332031,0.06397056579589844,5.86181640625,3.8985958099365234,2.9978275299072266,0.047824859619140625,1.2606525421142578,0.17874526977539062,-11.865716934204102,-9.273433685302734,-7.783632278442383,-0.21650314331054688,-4.282705307006836,-0.8083209991455078,-2.9385623931884766,-1.757528305053711,-1.2497673034667969,-0.01357269287109375,-0.45949554443359375,-0.05817985534667969,-5.8988189697265625,-3.9967689514160156,-3.0206680297851562,-0.04065132141113281,-1.2564773559570312,-0.1737499237060547,-0.001430511474609375,0.05221748352050781,0.0003528594970703125,0.01633453369140625,-0.048786163330078125,-0.0085296630859375,-0.017101287841796875,-0.003948211669921875,0.8608074188232422,0.12525558471679688,0.29880332946777344,-0.8686962127685547,-0.12982749938964844,-0.29754066467285156
574.5969666707329,11.723536491394043,9.79557991027832,8.50541877746582,0.33113861083984375,5.162275314331055,1.1332569122314453,2.9566802978515625,2.022714614868164,1.5268878936767578,0.030170440673828125,0.6267986297607422,0.08907318115234375,5.896398544311523,4.405588150024414,3.5231170654296875,0.08262825012207031,1.6521930694580078,0.2592792510986328,-11.881990432739258,-9.903345108032227,-8.588289260864258,-0.2990837097167969,-5.148952484130859,-1.0985946655273438,-2.924152374267578,-2.013935089111328,-1.4834747314453125,-0.012052536010742188,-0.6038036346435547,-0.0701904296875,-5.906763076782227,-4.387704849243164,-3.513093948364258,-0.04100990295410156,-1.6259784698486328,-0.22983360290527344,0.02379608154296875,0.07416534423828125,0.032329559326171875,0.030857086181640625,-0.04749488830566406,0.01409149169921875,-0.008697509765625,0.023679733276367188,0.7345638275146484,0.10717391967773438,0.2702293395996094,-0.7245082855224609,-0.09320449829101562,-0.26037025451660156
632.4555320336758,11.738068580627441,10.339096069335938,9.29680061340332,0.4692859649658203,6.189178466796875,1.5797080993652344,2.9473400115966797,2.2536182403564453,1.8106517791748047,0.038265228271484375,0.8499526977539062,0.12846946716308594,5.896856307983398,4.803302764892578,4.028083801269531,0.10323143005371094,2.150257110595703,0.3705406188964844,-11.90609359741211,-10.454425811767578,-9.411317825317383,-0.4573974609375,-6.23695182800293,-1.5618934631347656,-2.956205368041992,-2.2562007904052734,-1.8067951202392578,-0.027263641357421875,-0.8367156982421875,-0.12103080749511719,-5.929685592651367,-4.834049224853516,-4.071643829345703,-0.09120559692382812,-2.142183303833008,-0.3630390167236328,0.000385284423828125,0.07126617431640625,0.010557174682617188,0.024784088134765625,-0.06878089904785156,-0.0085296630859375,-0.021677017211914062,-0.0065135955810546875,0.6041469573974609,0.08754348754882812,0.20844268798828125,-0.6051597595214844,-0.08746528625488281,-0.20421600341796875
696.1401176856818,11.75763988494873,10.846968650817871,10.078702926635742,0.7422046661376953,7.442966461181641,2.2479934692382812,2.974222183227539,2.4992809295654297,2.136568069458008,0.06870841979980469,1.189178466796875,0.2082347869873047,5.917121887207031,5.184181213378906,4.618267059326172,0.17360877990722656,2.8483657836914062,0.5910625457763672,-11.914369583129883,-10.986589431762695,-10.196029663085938,-0.7049598693847656,-7.487295150756836,-2.2859954833984375,-2.9563732147216797,-2.4802322387695312,-2.1189632415771484,-0.047046661376953125,-1.1397838592529297,-0.18833541870117188,-5.933071136474609,-5.189544677734375,-4.624246597290039,-0.13750267028808594,-2.8198070526123047,-0.5581398010253906,0.0061550140380859375,0.09444427490234375,0.022853851318359375,0.019012451171875,-0.07921409606933594,-0.0061855316162109375,-0.019491195678710938,0.00738525390625,0.5212459564208984,0.0889739990234375,0.17745590209960938,-0.5023002624511719,-0.07365036010742188,-0.17114830017089844
766.2373699114576,11.76026439666748,11.245555877685547,10.773502349853516,1.2820987701416016,8.830329895019531,3.565237045288086,2.960460662841797,2.6920738220214844,2.45111083984375,0.10934638977050781,1.638010025024414,0.36363792419433594,5.918033599853516,5.510320663452148,5.142675399780273,0.295562744140625,3.72796630859375,0.9973697662353516,-11.927680969238281,-11.380680084228516,-10.921279907226562,-1.2759170532226562,-8.93564224243164,-3.538116455078125,-2.9744606018066406,-2.6887035369873047,-2.451997756958008,-0.09787940979003906,-1.6190166473388672,-0.3507575988769531,-5.949409484863281,-5.530279159545898,-5.158220291137695,-0.2804279327392578,-3.7233963012695312,-0.9813194274902344,0.002269744873046875,0.09836578369140625,0.0218505859375,0.033260345458984375,-0.09879875183105469,-0.0151214599609375,-0.029436111450195312,-0.011007308959960938,0.4196205139160156,0.06011772155761719,0.14399337768554688,-0.4189109802246094,-0.060924530029296875,-0.1371784210205078
843.3930068571642,11.774001121520996,11.547626495361328,11.308769226074219,2.601888656616211,10.288213729858398,5.566022872924805,2.965198516845703,2.844463348388672,2.735017776489258,0.23836517333984375,2.240499496459961,0.7506694793701172,5.92265510559082,5.745000839233398,5.583763122558594,0.6265697479248047,4.766151428222656,1.9421234130859375,-11.934513092041016,-11.72850227355957,-11.504266738891602,-2.484292984008789,-10.422273635864258,-5.738433837890625,-2.9763011932373047,-2.853116989135742,-2.744932174682617,-0.2253742218017578,-2.2258567810058594,-0.7500152587890625,-5.965269088745117,-5.767583847045898,-5.611322402954102,-0.6591930389404297,-4.765033721923828,-1.9153671264648438,-0.005535125732421875,0.12405586242675781,0.021738052368164062,0.037265777587890625,-0.12439918518066406,-0.017263412475585938,-0.03635215759277344,-0.0033245086669921875,0.34514617919921875,0.05212593078613281,0.1215362548828125,-0.34273529052734375,-0.0461883544921875,-0.11363029479980469
928.317766722556,11.773767471313477,11.728981971740723,11.687838554382324,6.498844146728516,11.44795036315918,9.498987197875977,2.963409423828125,2.9455738067626953,2.9074058532714844,0.9272346496582031,2.802562713623047,1.875101089477539,5.925634384155273,5.889575958251953,5.8620147705078125,2.311098098754883,5.654916763305664,4.187219619750977,-11.940637588500977,-11.89491081237793,-11.857254028320312,-6.546651840209961,-11.551050186157227,-9.52812385559082,-2.97503662109375,-2.9558448791503906,-2.924121856689453,-0.8956279754638672,-2.7887039184570312,-1.8925285339355469,-5.9588470458984375,-5.928230285644531,-5.890153884887695,-2.3205699920654297,-5.676885604858398,-4.209878921508789,0.00104522705078125,0.14393997192382812,0.021402359008789062,0.04972267150878906,-0.14765357971191406,-0.018022537231445312,-0.04766654968261719,0.0001354217529296875,0.2920398712158203,0.040599822998046875,0.09959983825683594,-0.2912311553955078,-0.04184722900390625,-0.09576416015625
1021.7939549013853,11.769462585449219,11.76149845123291,11.763448715209961,10.861152648925781,11.733579635620117,11.486713409423828,2.9646263122558594,2.955028533935547,2.96697998046875,2.5072498321533203,2.9305763244628906,2.7972679138183594,5.924415588378906,5.909059524536133,5.919252395629883,4.929901123046875,5.8865814208984375,5.689157485961914,-11.951557159423828,-11.945087432861328,-11.938879013061523,-10.478338241577148,-11.925558090209961,-11.715383529663086,-2.9836597442626953,-2.975717544555664,-2.979978561401367,-2.558591842651367,-2.959980010986328,-2.802518844604492,-5.972204208374023,-5.970014572143555,-5.958425521850586,-5.251853942871094,-5.928670883178711,-5.691232681274414,-0.0024509429931640625,0.17303085327148438,0.0025959014892578125,0.05657958984375,-0.1863689422607422,-0.028711318969726562,-0.06152534484863281,-0.0060863494873046875,0.22907638549804688,0.027929306030273438,0.07281684875488281,-0.25580406188964844,-0.04629707336425781,-0.08893585205078125
1124.6826503806985,11.773249626159668,11.671032905578613,11.562478065490723,4.18121337890625,10.975235939025879,7.604894638061523,2.9662094116210938,2.9132537841796875,2.8532962799072266,0.45630645751953125,2.559469223022461,1.215829849243164,5.924995422363281,5.832103729248047,5.760154724121094,1.226461410522461,5.308563232421875,2.9489479064941406,-11.940296173095703,-11.85749626159668,-11.71750259399414,-4.157390594482422,-11.150934219360352,-7.735021591186523,-2.9739723205566406,-2.9305896759033203,-2.8618412017822266,-0.45197486877441406,-2.5562801361083984,-1.2853679656982422,-5.960107803344727,-5.873003005981445,-5.781013488769531,-1.2253055572509766,-5.312379837036133,-2.942455291748047,-0.0004367828369140625,0.21573638916015625,0.03236579895019531,0.07417488098144531,-0.21601486206054688,-0.0392303466796875,-0.06982421875,-0.021642684936523438,0.19362258911132812,0.017343521118164062,0.07072830200195312,-0.1984272003173828,-0.026041030883789062,-0.06314659118652344
1237.9316377825212,11.768003463745117,11.433847427368164,11.110414505004883,1.8462905883789062,9.612590789794922,5.020925521850586,2.9672393798828125,2.7870845794677734,2.621408462524414,0.15789794921875,1.985595703125,0.5203151702880859,5.919818878173828,5.651369094848633,5.421287536621094,0.44439697265625,4.265026092529297,1.4038944244384766,-11.934316635131836,-11.590543746948242,-11.240863800048828,-1.9753246307373047,-9.709880828857422,-4.649168014526367,-2.9719982147216797,-2.792112350463867,-2.622957229614258,-0.1470203399658203,-2.0141963958740234,-0.5101184844970703,-5.972675323486328,-5.696805953979492,-5.414436340332031,-0.4310340881347656,-4.403791427612305,-1.4818801879882812,0.0005931854248046875,0.2655677795410156,0.03920745849609375,0.09073829650878906,-0.2606086730957031,-0.03537559509277344,-0.08632850646972656,0.0013713836669921875,0.1630420684814453,0.025373458862304688,0.05748558044433594,-0.1797027587890625,-0.023111343383789062,-0.0546112060546875
1362.584138115923,11.761614799499512,11.081844329833984,10.47275161743164,0.9813251495361328,8.149152755737305,2.9050540924072266,2.9528331756591797,2.605091094970703,2.318552017211914,0.07852554321289062,1.3975563049316406,0.2746868133544922,5.914447784423828,5.367280960083008,4.907939910888672,0.21724891662597656,3.2762088775634766,0.7630863189697266,-11.92580795288086,-11.269660949707031,-10.582902908325195,-0.9654197692871094,-8.21405029296875,-2.923490524291992,-2.968402862548828,-2.639453887939453,-2.3156204223632812,-0.06927299499511719,-1.393087387084961,-0.2622337341308594,-5.948123931884766,-5.396711349487305,-4.918214797973633,-0.2097015380859375,-3.288473129272461,-0.7546977996826172,0.0042438507080078125,0.3150367736816406,0.049205780029296875,0.10534858703613281,-0.31829071044921875,-0.043548583984375,-0.1029510498046875,0.0036754608154296875,0.13728904724121094,0.021472930908203125,0.04783439636230469,-0.14305686950683594,-0.0201873779296875,-0.04885292053222656
1499.7884186649117,11.773975372314453,10.652165412902832,9.748409271240234,0.6242179870605469,6.830509185791016,2.0521602630615234,2.978607177734375,2.409212112426758,2.005664825439453,0.06923675537109375,1.0432014465332031,0.1841259002685547,5.927059173583984,5.045087814331055,4.383871078491211,0.14171218872070312,2.5067405700683594,0.48933982849121094,-11.890426635742188,-10.735496520996094,-9.795398712158203,-0.5972576141357422,-6.827630996704102,-1.911733627319336,-2.9401798248291016,-2.3642120361328125,-1.9619770050048828,-0.01360321044921875,-0.9736251831054688,-0.13091278076171875,-5.913776397705078,-5.041143417358398,-4.336067199707031,-0.1450519561767578,-2.4629364013671875,-0.44135093688964844,0.026218414306640625,0.40570068359375,0.07481575012207031,0.1539134979248047,-0.36057281494140625,-0.027700424194335938,-0.10647964477539062,0.023197174072265625,0.135986328125,0.03908348083496094,0.060520172119140625,-0.091278076171875,0.00859832763671875,-0.015657424926757812
1650.8083705360364,11.73058032989502,10.098503112792969,8.921272277832031,0.38570213317871094,5.651435852050781,1.3355579376220703,2.93743896484375,2.1419029235839844,1.6685638427734375,0.029794692993164062,0.7264156341552734,0.10028266906738281,5.886531829833984,4.658475875854492,3.789216995239258,0.08207321166992188,1.8803653717041016,0.3046989440917969,-11.928163528442383,-10.2774658203125,-9.004194259643555,-0.3796672821044922,-5.682880401611328,-1.3376712799072266,-2.960145950317383,-2.1563339233398438,-1.6681938171386719,-0.024030685424804688,-0.7240219116210938,-0.09935379028320312,-5.932437896728516,-4.642070770263672,-3.7989253997802734,-0.07449531555175781,-1.8865947723388672,-0.2985858917236328,-0.0016155242919921875,0.46044921875,0.06572914123535156,0.14129257202148438,-0.46162986755371094,-0.06762123107910156,-0.16127777099609375,-0.026721954345703125,0.09032058715820312,0.013103485107421875,0.030473709106445312,-0.09681510925292969,-0.040287017822265625,-0.035503387451171875
1817.0351513033736,11.717344284057617,9.51961898803711,8.174179077148438,0.2700614929199219,4.6842498779296875,0.9604225158691406,2.9376449584960938,1.8996219635009766,1.3852405548095703,0.025360107421875,0.5385189056396484,0.07578468322753906,5.876653671264648,4.203123092651367,3.266246795654297,0.06126213073730469,1.43890380859375,0.215423583984375,-11.87730598449707,-9.614835739135742,-8.173784255981445,-0.28108787536621094,-4.696849822998047,-0.954864501953125,-2.9410018920898438,-1.8965911865234375,-1.379842758178711,-0.01174163818359375,-0.5294322967529297,-0.06438827514648438,-5.908725738525391,-4.215082168579102,-3.262575149536133,-0.047702789306640625,-1.4344596862792969,-0.22527694702148438,0.0013179779052734375,0.5545139312744141,0.08022880554199219,0.18674087524414062,-0.5503425598144531,-0.07793998718261719,-0.18672752380371094,0.000484466552734375,0.07890129089355469,0.011999130249023438,0.027128219604492188,-0.07415771484375,-0.010229110717773438,-0.026004791259765625
1999.9999999999995,11.693704605102539,8.902143478393555,7.340539932250977,0.1954803466796875,3.8735122680664062,0.7086467742919922,2.9152870178222656,1.6579208374023438,1.1410140991210938,0.018268585205078125,0.40720558166503906,0.05524635314941406,5.856592178344727,3.816150665283203,2.780742645263672,0.044586181640625,1.1094036102294922,0.15576553344726562,-11.85185432434082,-9.029796600341797,-7.367340087890625,-0.18366622924804688,-3.9544639587402344,-0.7029285430908203,-2.928476333618164,-1.6653385162353516,-1.1362247467041016,-0.007740020751953125,-0.3978710174560547,-0.04549980163574219,-5.888294219970703,-3.784730911254883,-2.777048110961914,-0.03361701965332031,-1.1043720245361328,-0.14659690856933594,0.0012264251708984375,0.663360595703125,0.09618377685546875,0.22890472412109375,-0.6618690490722656,-0.09435272216796875,-0.226348876953125,-0.026876449584960938,0.06447982788085938,0.009183883666992188,0.021785736083984375,-0.06237602233886719,-0.008541107177734375,-0.021421432495117188
2201.3883425044196,11.664508819580078,8.261194229125977,6.556970596313477,0.1450977325439453,3.197826385498047,0.5354499816894531,2.9041213989257812,1.4310264587402344,0.9360237121582031,0.014665603637695312,0.3053092956542969,0.040393829345703125,5.830606460571289,3.3528594970703125,2.3497467041015625,0.03299713134765625,0.8635520935058594,0.11595916748046875,-11.821918487548828,-8.33126449584961,-6.593664169311523,-0.15125656127929688,-3.2147655487060547,-0.5304355621337891,-2.9138946533203125,-1.4310722351074219,-0.9320144653320312,-0.0058422088623046875,-0.3040199279785156,-0.03426551818847656,-5.8703460693359375,-3.3623313903808594,-2.3470687866210938,-0.024721145629882812,-0.859130859375,-0.11853218078613281,-0.0016918182373046875,0.7941398620605469,0.1150360107421875,0.2733020782470703,-0.7963008880615234,-0.1269702911376953,-0.2753868103027344,-0.0008392333984375,0.052768707275390625,0.0060634613037109375,0.015838623046875,-0.052249908447265625,-0.007822036743164062,-0.019254684448242188
2423.0553172571767,11.625981330871582,7.61329460144043,5.833003997802734,0.11133003234863281,2.6388301849365234,0.4099254608154297,2.880605697631836,1.223917007446289,0.7656173706054688,0.011104583740234375,0.2419109344482422,0.03194427490234375,5.798316955566406,2.948850631713867,1.9873828887939453,0.009828567504882812,0.6785335540771484,0.08837699890136719,-11.779792785644531,-7.731203079223633,-5.85906982421875,-0.10091590881347656,-2.640897750854492,-0.4037799835205078,-2.8926334381103516,-1.2231998443603516,-0.7602291107177734,-0.003582000732421875,-0.233795166015625,-0.025421142578125,-5.833234786987305,-2.9804515838623047,-1.9685497283935547,-0.016948699951171875,-0.7025222778320312,-0.0793609619140625,0.0005626678466796875,0.9509334564208984,0.1393604278564453,0.32927513122558594,-0.9513797760009766,-0.1406574249267578,-0.3278789520263672,-0.015995025634765625,0.044025421142578125,0.006145477294921875,0.012996673583984375,-0.04320335388183594,-0.005336761474609375,-0.016910552978515625
2667.042864326649,11.58115005493164,6.967073440551758,5.156898498535156,0.08812904357910156,2.176389694213867,0.324249267578125,2.8608760833740234,1.0423660278320312,0.6282405853271484,0.012903213500976562,0.19144439697265625,0.02616119384765625,5.763235092163086,2.5735816955566406,1.6513614654541016,0.022884368896484375,0.5369529724121094,0.07072257995605469,-11.730962753295898,-7.010011672973633,-5.175336837768555,-0.07892227172851562,-2.1918601989746094,-0.31023216247558594,-2.865945816040039,-1.0375595092773438,-0.61846923828125,0.000560760498046875,-0.1800670623779297,-0.016847610473632812,-5.792415618896484,-2.575031280517578,-1.6436138153076172,-0.010555267333984375,-0.5284004211425781,-0.06494522094726562,0.0021152496337890625,1.1350383758544922,0.16559219360351562,0.3876934051513672,-1.1335792541503906,-0.164154052734375,-0.3952369689941406,0.0008983612060546875,0.03771018981933594,0.004131317138671875,0.012319564819335938,-0.03387641906738281,-0.0036563873291015625,-0.011692047119140625
2935.598535244139,11.525285720825195,6.327077865600586,4.530004501342773,0.07234001159667969,1.7917633056640625,0.2526397705078125,2.833984375,0.8798847198486328,0.5127086639404297,0.009944915771484375,0.1495342254638672,0.023393630981445312,5.720186233520508,2.224285125732422,1.374795913696289,0.020956039428710938,0.4276409149169922,0.054302215576171875,-11.675788879394531,-6.4102630615234375,-4.540988922119141,-0.056301116943359375,-1.786569595336914,-0.24238967895507812,-2.8335609436035156,-0.8737869262695312,-0.5033016204833984,0.001049041748046875,-0.13984107971191406,-0.011972427368164062,-5.748908996582031,-2.2515411376953125,-1.3665390014648438,-0.0068416595458984375,-0.42092323303222656,-0.04719352722167969,0.001087188720703125,1.3494014739990234,0.20011138916015625,0.47560691833496094,-1.3500175476074219,-0.1983318328857422,-0.4746513366699219,0.0015277862548828125,0.029239654541015625,0.0070705413818359375,0.009084701538085938,-0.026113510131835938,-0.0026073455810546875,-0.010858535766601562
3231.1961968797496,11.452939987182617,5.705974578857422,4.065757751464844,0.05478477478027344,1.472076416015625,0.19669151306152344,2.793813705444336,0.741546630859375,0.41530609130859375,0.009729385375976562,0.11956214904785156,0.016874313354492188,5.661005020141602,1.9077873229980469,1.1383323669433594,0.014699935913085938,0.33899879455566406,0.04400444030761719,-11.603540420532227,-5.73695182800293,-3.956747055053711,-0.03796577453613281,-1.478036880493164,-0.19207000732421875,-2.8018569946289062,-0.7361698150634766,-0.40970802307128906,0.00079345703125,-0.10827255249023438,-0.011203765869140625,-5.684499740600586,-1.911031723022461,-1.134622573852539,-0.006816864013671875,-0.3356742858886719,-0.03395271301269531,0.0011806488037109375,1.600698471069336,0.24077415466308594,0.5710544586181641,-1.6033744812011719,-0.23906326293945312,-0.5673675537109375,-0.0005970001220703125,0.0225067138671875,0.0029296875,0.007770538330078125,-0.017665863037109375,-0.0055694580078125,0.00771331787109375
3556.5588200778457,11.373329162597656,5.105983734130859,3.4264450073242188,0.04360008239746094,1.2065105438232422,0.15761756896972656,2.7582263946533203,0.614349365234375,0.3371906280517578,0.005741119384765625,0.09370803833007812,0.013448715209960938,5.5925750732421875,1.6246566772460938,0.9406967163085938,0.01270294189453125,0.27117919921875,0.0342254638671875,-11.517688751220703,-5.129413604736328,-3.4264259338378906,-0.03598976135253906,-1.2044754028320312,-0.1524066925048828,-2.7570953369140625,-0.6121864318847656,-0.3352165222167969,0.00048828125,-0.09040451049804688,-0.0072154998779296875,-5.622591018676758,-1.6295318603515625,-0.9385738372802734,-0.004444122314453125,-0.2695903778076172,-0.029705047607421875,0.009344100952148438,1.8891887664794922,0.28824424743652344,0.68109130859375,-1.894083023071289,-0.2890758514404297,-0.6805515289306641,0.024944305419921875,0.018720626831054688,0.00267791748046875,0.007022857666015625,-0.020597457885742188,-0.005321502685546875,-0.0033130645751953125
3914.683562975319,11.273576736450195,4.533336639404297,2.939310073852539,0.03730201721191406,0.9920616149902344,0.14975357055664062,2.6985034942626953,0.5205059051513672,0.2774505615234375,0.008268356323242188,0.07883262634277344,0.013296127319335938,5.514047622680664,1.374948501586914,0.7893867492675781,0.012716293334960938,0.22083091735839844,0.029397964477539062,-11.411170959472656,-4.549083709716797,-2.940439224243164,-0.012754440307617188,-0.9848461151123047,-0.11761283874511719,-2.6980209350585938,-0.5015850067138672,-0.2702655792236328,0.002166748046875,-0.06919479370117188,-0.00286865234375,-5.541513442993164,-1.372793197631836,-0.7701435089111328,-0.0016269683837890625,-0.21372413635253906,-0.011953353881835938,0.001171112060546875,2.2269554138183594,0.34539794921875,0.8143711090087891,-2.2300338745117188,-0.3459320068359375,-0.8093490600585938,0.000705718994140625,0.01638031005859375,0.001895904541015625,0.006336212158203125,-0.016162872314453125,-0.0014629364013671875,-0.0047168731689453125
4308.869380063768,11.152238845825195,3.990884780883789,2.510211944580078,0.03037261962890625,0.8105316162109375,0.10383224487304688,2.6512279510498047,0.4215431213378906,0.23655319213867188,0.006885528564453125,0.0788116455078125,0.010984420776367188,5.419361114501953,1.2301254272460938,0.6389408111572266,0.010923385620117188,0.17892837524414062,0.025501251220703125,-11.285650253295898,-4.002223968505859,-2.5095748901367188,-0.0196533203125,-0.8038616180419922,-0.09403228759765625,-2.640012741088867,-0.41854286193847656,-0.218994140625,0.003787994384765625,-0.05459403991699219,-0.001461029052734375,-5.444330215454102,-1.1539669036865234,-0.6321849822998047,-5.53131103515625e-05,-0.17165374755859375,-0.015134811401367188,0.001739501953125,2.6089534759521484,0.41320228576660156,0.9640693664550781,-2.6118316650390625,-0.4129657745361328,-0.9614543914794922,0.000171661376953125,0.014356613159179688,0.002079010009765625,0.00463104248046875,-0.012523651123046875,-0.0016155242919921875,-0.005321502685546875
4742.747411323309,11.00495433807373,3.482450485229492,2.1269779205322266,0.02564239501953125,0.661102294921875,0.08351325988769531,2.563394546508789,0.3626708984375,0.18352508544921875,0.0069732666015625,0.05151176452636719,0.00988006591796875,5.305065155029297,0.9639568328857422,0.5229473114013672,0.009540557861328125,0.14410781860351562,0.02057647705078125,-11.134998321533203,-3.489358901977539,-2.124856948852539,-0.0064945220947265625,-0.6537876129150391,-0.07469367980957031,-2.5668869018554688,-0.3364238739013672,-0.1770763397216797,0.0040302276611328125,-0.04320335388183594,-0.0006618499755859375,-5.3291473388671875,-0.9603939056396484,-0.5160903930664062,0.03755760192871094,-0.1364898681640625,-0.010162353515625,0.0008296966552734375,3.0377159118652344,0.4919548034667969,1.142934799194336,-3.044269561767578,-0.48761749267578125,-1.1382732391357422,0.0002918243408203125,0.012086868286132812,0.0019855499267578125,0.0041027069091796875,-0.0095367431640625,0.027202606201171875,-0.0045032501220703125
5220.314431365074,10.831846237182617,3.0087947845458984,1.7875900268554688,0.020891189575195312,0.5364875793457031,0.06824493408203125,2.489377975463867,0.2862663269042969,0.16412925720214844,0.0064296722412109375,0.057125091552734375,0.008670806884765625,5.169855117797852,0.8611469268798828,0.42714881896972656,0.008111953735351562,0.11521530151367188,0.017740249633789062,-10.955236434936523,-3.012514114379883,-1.7833518981933594,-0.010396957397460938,-0.5295867919921875,-0.05994606018066406,-2.480236053466797,-0.27998924255371094,-0.14163589477539062,0.004329681396484375,-0.03406715393066406,0.0004444122314453125,-5.193592071533203,-0.7945060729980469,-0.4185657501220703,0.00205230712890625,-0.10812187194824219,-0.009059906005859375,-0.0005130767822265625,3.516782760620117,0.5892505645751953,1.3458003997802734,-3.527599334716797,-0.5823097229003906,-1.3418922424316406,0.025953292846679688,0.008878707885742188,0.0070552825927734375,0.0049991607666015625,-0.00760650634765625,-0.0011138916015625,-0.0032825469970703125
5745.9696667073285,10.622694969177246,2.5750598907470703,1.490365982055664,0.04068183898925781,0.4350013732910156,0.05498504638671875,2.3766098022460938,0.2414379119873047,0.12079238891601562,0.0062408447265625,0.034290313720703125,0.007986068725585938,5.00956916809082,0.6573333740234375,0.34540748596191406,0.024965286254882812,0.09401321411132812,0.013296127319335938,-10.742931365966797,-2.5965824127197266,-1.4884185791015625,-0.0011138916015625,-0.4289989471435547,-0.04757118225097656,-2.3814010620117188,-0.2282543182373047,-0.11604118347167969,0.0035381317138671875,0.000751495361328125,0.000629425048828125,-5.03117561340332,-0.6549720764160156,-0.33977699279785156,0.0018634796142578125,-0.08767318725585938,0.00177001953125,0.00029754638671875,4.04541015625,0.6879215240478516,1.5764656066894531,-4.060924530029297,-0.6896286010742188,-1.5756492614746094,-0.0003452301025390625,0.008106231689453125,0.00048828125,0.001270294189453125,-0.006610870361328125,-0.001834869384765625,-0.003963470458984375
6324.55532033676,10.375234603881836,2.1794605255126953,1.2314739227294922,0.01645660400390625,0.3509330749511719,0.044666290283203125,2.2715892791748047,0.18632888793945312,0.09703826904296875,0.0040531158447265625,0.04538154602050781,0.006378173828125,4.821376800537109,0.5375595092773438,0.27918052673339844,0.0066318511962890625,0.07498359680175781,0.012895584106445312,-10.486848831176758,-2.1813716888427734,-1.2293338775634766,-0.0061511993408203125,-0.34543418884277344,-0.036102294921875,-2.2660064697265625,-0.1844463348388672,-0.0916900634765625,0.003387451171875,-0.0215301513671875,0.00064849853515625,-4.844326019287109,-0.5323638916015625,-0.27397918701171875,0.0020275115966796875,-0.06157875061035156,-0.0047855377197265625,0.0004215240478515625,4.594171524047852,0.8102188110351562,1.8382835388183594,-4.642789840698242,-0.8112602233886719,-1.8373908996582031,-0.0001621246337890625,0.0056285858154296875,0.001312255859375,0.0019817352294921875,-0.004638671875,-0.0023975372314453125,-0.0044765472412109375
6961.401176856821,10.079626083374023,1.8230953216552734,1.0307178497314453,0.012615203857421875,0.2810859680175781,0.0493316650390625,2.1299057006835938,0.16077232360839844,0.07784461975097656,0.0060520172119140625,0.02130889892578125,0.0062351226806640625,4.601602554321289,0.43575286865234375,0.22425460815429688,0.01947021484375,0.05980491638183594,0.010356903076171875,-10.183399200439453,-1.8416385650634766,-1.0044612884521484,0.00025177001953125,-0.2734870910644531,-0.028692245483398438,-2.133646011352539,-0.14193344116210938,-0.07304954528808594,0.0041103363037109375,-0.016843795776367188,0.0012111663818359375,-4.62055778503418,-0.4313850402832031,-0.2203216552734375,0.002376556396484375,-0.05452156066894531,0.0033550262451171875,0.0008716583251953125,5.240306854248047,0.9473781585693359,2.131498336791992,-5.268857955932617,-0.9486274719238281,-2.1305770874023438,0.0002956390380859375,0.0049800872802734375,0.0010967254638671875,0.001453399658203125,-0.004222869873046875,-0.000240325927734375,-0.0032138824462890625
7662.373699114578,9.729818344116211,1.506246566772461,0.8164234161376953,0.011041641235351562,0.2231159210205078,0.028821945190429688,1.9922046661376953,0.11962127685546875,0.062137603759765625,0.005443572998046875,0.01806640625,0.0049953460693359375,4.347423553466797,0.34935760498046875,0.1793651580810547,0.0067691802978515625,0.04836082458496094,0.009317398071289062,-9.845809936523438,-1.5043277740478516,-0.8120155334472656,-0.001499176025390625,-0.21753501892089844,-0.021661758422851562,-1.9826068878173828,-0.11688804626464844,-0.05754280090332031,0.0042247772216796875,-0.007860183715820312,0.0017337799072265625,-4.3638153076171875,-0.3492298126220703,-0.17432785034179688,0.00244140625,-0.04183769226074219,-0.0005817413330078125,2.288818359375e-05,5.89448356628418,1.0892906188964844,2.453144073486328,-5.931629180908203,-1.1052780151367188,-2.427255630493164,0.009889602661132812,0.0044307708740234375,0.000270843505859375,0.0005645751953125,-0.0031185150146484375,-0.0018634796142578125,-0.00366973876953125
8433.930068571646,9.314624786376953,1.2257270812988281,0.6522274017333984,0.010240554809570312,0.17801666259765625,0.021060943603515625,1.8131217956542969,0.09645652770996094,0.04954338073730469,0.0047893524169921875,0.015546798706054688,0.0064792633056640625,4.055471420288086,0.2778053283691406,0.14285850524902344,0.0070590972900390625,0.039638519287109375,0.009057998657226562,-9.400701522827148,-1.2433528900146484,-0.6467418670654297,-0.0013523101806640625,-0.1706829071044922,-0.015705108642578125,-1.8139934539794922,-0.09712982177734375,-0.043331146240234375,0.0048809051513671875,-0.008687973022460938,0.004001617431640625,-4.067325592041016,-0.2730445861816406,-0.13579177856445312,0.0047206878662109375,-0.03172874450683594,-0.000995635986328125,0.0005626678466796875,6.57811164855957,1.270263671875,2.7483081817626953,-6.623136520385742,-1.274688720703125,-2.802156448364258,-0.0002536773681640625,0.0051822662353515625,0.0019989013671875,0.0009288787841796875,-0.0013751983642578125,-0.000659942626953125,-0.0017986297607421875
9283.177667225555,8.83210563659668,0.9869709014892578,0.5211849212646484,0.014329910278320312,0.1451873779296875,0.026638031005859375,1.6419506072998047,0.08223533630371094,0.04636383056640625,0.012823104858398438,0.020425796508789062,0.012323379516601562,3.7271900177001953,0.2246417999267578,0.11655998229980469,0.012935638427734375,0.03830146789550781,0.014263153076171875,-8.892877578735352,-0.9698314666748047,-0.5017566680908203,0.008222579956054688,-0.12442588806152344,-0.004032135009765625,-1.619943618774414,-0.06387901306152344,-0.026166915893554688,0.012250900268554688,0.0016536712646484375,0.010568618774414062,-3.722269058227539,-0.21061134338378906,-0.09755134582519531,0.010892868041992188,-0.016626358032226562,0.008306503295898438,0.0079498291015625,7.285099029541016,1.4685707092285156,3.177358627319336,-7.326694488525391,-1.4560508728027344,-3.1725120544433594,0.0073642730712890625,0.010606765747070312,0.008024215698242188,0.008546829223632812,0.0064029693603515625,0.007259368896484375,0.0053844451904296875
10217.939549013856,8.247514724731445,0.7672920227050781,0.39728736877441406,0.008047103881835938,0.10626220703125,0.013927459716796875,1.4254932403564453,0.05745506286621094,0.030864715576171875,0.00540924072265625,0.0075092315673828125,0.0049800872802734375,3.341838836669922,0.16722679138183594,0.08515548706054688,0.0060176849365234375,0.024810791015625,0.006378173828125,-8.312484741210938,-0.7832794189453125,-0.39245033264160156,0.0015010833740234375,-0.0995941162109375,-0.0076198577880859375,-1.4248218536376953,-0.05655860900878906,-0.02509307861328125,0.0044498443603515625,-0.003631591796875,0.0036983489990234375,-3.349782943725586,-0.16306304931640625,-0.07956504821777344,6.67572021484375e-05,-0.017580032348632812,0.001567840576171875,0.0005207061767578125,7.983713150024414,1.6621952056884766,3.5655059814453125,-8.052444458007812,-1.664276123046875,-3.5619449615478516,0.000240325927734375,0.00290679931640625,0.0007343292236328125,0.0010852813720703125,-0.0008335113525390625,-0.000644683837890625,-0.00200653076171875
11246.826503806979,7.564399719238281,0.5844154357910156,0.29973602294921875,0.0072917938232421875,0.08043098449707031,0.012912750244140625,1.218088150024414,0.044403076171875,0.023084640502929688,0.0040531158447265625,0.0074672698974609375,0.0046138763427734375,2.920614242553711,0.12621498107910156,0.0639190673828125,-0.0001964569091796875,0.01898956298828125,0.0065822601318359375,-7.741403579711914,-0.5815410614013672,-0.2935218811035156,0.0030078887939453125,-0.07366561889648438,-0.0041828155517578125,-1.2089195251464844,-0.0387420654296875,-0.018198013305664062,0.0051441192626953125,-0.001415252685546875,0.00417327880859375,-2.9249534606933594,-0.12700462341308594,-0.05872344970703125,0.0048809051513671875,-0.018085479736328125,0.003261566162109375,0.000370025634765625,8.617704391479492,1.8707637786865234,3.9647083282470703,-8.75973892211914,-1.8741817474365234,-3.9749393463134766,0.0003223419189453125,0.0026226043701171875,0.000499725341796875,0.000823974609375,-3.0517578125e-05,-1.9073486328125e-06,-0.011686325073242188
12379.316377825215,6.762380599975586,0.4318122863769531,0.21172142028808594,0.006603240966796875,0.05932807922363281,-0.0078105926513671875,0.9858493804931641,0.03156852722167969,0.017728805541992188,0.004734039306640625,0.007476806640625,0.00426483154296875,2.4567337036132812,0.09229660034179688,0.047237396240234375,0.004913330078125,0.014936447143554688,0.005584716796875,-6.802745819091797,-0.45068359375,-0.2135772705078125,-0.0118255615234375,-0.06858634948730469,-0.0024852752685546875,-0.9846668243408203,-0.040401458740234375,-0.012578964233398438,0.00464630126953125,-0.0001277923583984375,0.0032196044921875,-2.4598522186279297,-0.08782768249511719,-0.04366493225097656,0.0043506622314453125,-0.007717132568359375,-0.0052032470703125,-0.024700164794921875,9.333797454833984,2.0846385955810547,4.363767623901367,-9.445100784301758,-2.0863685607910156,-4.378520965576172,0.0006256103515625,0.0021114349365234375,0.0001811981201171875,0.0003986358642578125,-0.0001068115234375,-0.00025177001953125,-0.0011806488037109375
13625.841381159224,5.81451416015625,0.30356788635253906,0.15394020080566406,0.006561279296875,0.041904449462890625,0.008668899536132812,0.7639503479003906,0.022241592407226562,0.012285232543945312,0.0049419403076171875,0.0058879852294921875,0.003673553466796875,1.9599990844726562,0.05127143859863281,0.03402137756347656,-0.006687164306640625,0.011365890502929688,0.0054931640625,-5.842979431152344,-0.2986469268798828,-0.14840126037597656,0.0035343170166015625,-0.03510284423828125,-5.14984130859375e-05,-0.7574615478515625,-0.019533157348632812,-0.019422531127929688,0.0047702789306640625,0.0009918212890625,0.004207611083984375,-2.00238037109375,-0.06761932373046875,-0.028446197509765625,0.004184722900390625,-0.0053424835205078125,0.002780914306640625,-0.0008544921875,9.97215461730957,2.296602249145508,4.749284744262695,-10.087116241455078,-2.301654815673828,-4.769325256347656,0.0001430511474609375,0.0017757415771484375,0.000476837158203125,0.000179290771484375,-0.0007762908935546875,0.0005645751953125,-0.00203704833984375
14997.88418664912,4.7003173828125,0.20489120483398438,0.10026741027832031,0.0054416656494140625,0.028142929077148438,0.0067768096923828125,0.5391292572021484,0.014873504638671875,0.00921630859375,0.0045928955078125,0.0049228668212890625,0.004154205322265625,1.4450092315673828,0.04265403747558594,0.022491455078125,0.0025177001953125,0.00832366943359375,0.00458526611328125,-4.717464447021484,-0.21012115478515625,-0.10444068908691406,-0.00125885009765625,-0.02266693115234375,0.0009326934814453125,-0.5370349884033203,-0.017995834350585938,-0.0053882598876953125,0.0044002532958984375,0.001651763916015625,0.0037078857421875,-1.4441852569580078,-0.03847503662109375,-0.017301559448242188,0.0041522979736328125,-0.0018711090087890625,0.0017986297607421875,0.0007476806640625,10.548737525939941,2.4972190856933594,5.0738372802734375,-10.670799255371094,-2.503080368041992,-5.13349723815918,-0.0075836181640625,0.00183868408203125,0.00043487548828125,0.0005702972412109375,0.00066375732421875,0.000240325927734375,-0.001190185546875
16508.08370536037,3.4094905853271484,0.11399078369140625,0.05898094177246094,0.004871368408203125,0.017650604248046875,0.0054779052734375,0.33880043029785156,0.009710311889648438,-0.0024814605712890625,0.004512786865234375,0.0042743682861328125,0.003917694091796875,0.9372806549072266,0.025495529174804688,0.01397705078125,0.0046215057373046875,0.006252288818359375,0.0043048858642578125,-3.41656494140625,-0.11268424987792969,-0.05403709411621094,0.0038890838623046875,-0.010931015014648438,0.00240325927734375,-0.33422279357910156,-0.0057353973388671875,-0.00118255615234375,0.0045490264892578125,0.002361297607421875,0.0037364959716796875,-0.9348106384277344,-0.030242919921875,-0.008543014526367188,0.004119873046875,0.0002689361572265625,0.0033626556396484375,0.0011138916015625,11.033044815063477,2.6785144805908203,5.427560806274414,-11.175201416015625,-2.684680938720703,-5.45622444152832,0.0001506805419921875,0.0019550323486328125,0.00029754638671875,0.0002288818359375,-0.00121307373046875,8.96453857421875e-05,-0.0007190704345703125
18170.351513033744,1.9847660064697266,0.05389213562011719,0.028354644775390625,0.00421905517578125,0.007686614990234375,0.0050258636474609375,0.16501235961914062,0.006381988525390625,0.0029449462890625,0.0031280517578125,0.0033626556396484375,0.002323150634765625,0.4770793914794922,0.01357269287109375,0.005573272705078125,0.0020275115966796875,0.00231170654296875,0.0035572052001953125,-2.0612430572509766,-0.05418205261230469,-0.02490234375,0.005603790283203125,-0.004108428955078125,0.0011138916015625,-0.16460037231445312,-0.00098419189453125,-0.0002765655517578125,0.002384185791015625,0.0009918212890625,0.002178192138671875,-0.4793834686279297,-0.00994873046875,-0.002140045166015625,0.006725311279296875,0.002483367919921875,0.0025806427001953125,0.0015468597412109375,11.436264038085938,2.8258609771728516,5.674718856811523,-11.579959869384766,-2.834972381591797,-5.721738815307617,0.0012111663818359375,0.00083160400390625,-0.0008258819580078125,0.0004177093505859375,-0.00148773193359375,-0.0004100799560546875,-0.002353668212890625
20000,0.6490573883056641,0.015192031860351562,0.010686874389648438,0.0043792724609375,0.00408935546875,0.006290435791015625,0.0570220947265625,0.0045757293701171875,0.002017974853515625,0.002376556396484375,0.006206512451171875,0.00321197509765625,0.13866806030273438,0.005802154541015625,0.001697540283203125,0.0028171539306640625,0.0018863677978515625,0.00170135498046875,-0.6455173492431641,-0.012834548950195312,-0.00679779052734375,0.006351470947265625,5.53131103515625e-05,0.005115509033203125,-0.044536590576171875,-0.0008258819580078125,0.002895355224609375,0.002964019775390625,0.0040798187255859375,0.0066852569580078125,-0.1390247344970703,0.0002422332763671875,0.0021495819091796875,0.003818511962890625,0.0015277862548828125,0.001453399658203125,0.0009555816650390625,11.695398330688477,2.9325523376464844,5.862836837768555,-11.850547790527344,-2.9369583129882812,-5.901470184326172,0.0013599395751953125,-0.0011749267578125,0.000232696533203125,0.001064300537109375,-0.0015716552734375,0.0015621185302734375,-0.0023403167724609375
